epoch,batch,loss
1,1,10.517753601074219
1,2,10.359553337097168
1,3,10.19036865234375
1,4,10.001398086547852
1,5,9.851665496826172
1,6,9.69274616241455
1,7,9.544346809387207
1,8,9.32275390625
1,9,9.220101356506348
1,10,9.12212085723877
1,11,8.93069839477539
1,12,8.83554458618164
1,13,8.759883880615234
1,14,8.62240219116211
1,15,8.511343955993652
1,16,8.426414489746094
1,17,8.428682327270508
1,18,8.360779762268066
1,19,8.210416793823242
1,20,8.077042579650879
1,21,7.964427947998047
1,22,8.003458976745605
1,23,7.87553071975708
1,24,7.806434631347656
1,25,7.892691612243652
1,26,7.664968013763428
1,27,7.566961765289307
1,28,7.6075615882873535
1,29,7.524179458618164
1,30,7.551933765411377
1,31,7.349851131439209
1,32,7.30430793762207
1,33,7.1550679206848145
1,34,7.277492046356201
1,35,7.12174654006958
1,36,7.093489646911621
1,37,6.99700927734375
1,38,6.841131687164307
1,39,6.929226875305176
1,40,6.780093669891357
1,41,6.796626567840576
1,42,6.695487022399902
1,43,6.7300639152526855
1,44,6.6269731521606445
1,45,6.567697048187256
1,46,6.532715797424316
1,47,6.487417221069336
1,48,6.5435380935668945
1,49,6.352921009063721
1,50,6.316381931304932
1,51,6.295501708984375
1,52,6.33367395401001
1,53,6.2003374099731445
1,54,6.154947280883789
1,55,6.274483680725098
1,56,6.122349739074707
1,57,6.1429362297058105
1,58,6.110354423522949
1,59,6.137152671813965
1,60,6.0647430419921875
1,61,6.003620624542236
1,62,5.80726432800293
1,63,5.959760665893555
1,64,5.9075422286987305
1,65,5.861490726470947
1,66,5.787355899810791
1,67,5.866419315338135
1,68,5.870802879333496
1,69,5.889408588409424
1,70,5.7118377685546875
1,71,5.789901256561279
1,72,5.7598466873168945
1,73,5.67880916595459
1,74,5.839791297912598
1,75,5.670968532562256
1,76,5.71466064453125
1,77,5.750143051147461
1,78,5.6524152755737305
1,79,5.724838733673096
1,80,5.579964637756348
1,81,5.721114635467529
1,82,5.6205620765686035
1,83,5.525451183319092
1,84,5.7642974853515625
1,85,5.492029190063477
1,86,5.650185585021973
1,87,5.4513068199157715
1,88,5.5574116706848145
1,89,5.600801944732666
1,90,5.609050273895264
1,91,5.432213306427002
1,92,5.341814041137695
1,93,5.559727668762207
1,94,5.428312301635742
1,95,5.415792942047119
1,96,5.53965425491333
1,97,5.506227493286133
1,98,5.475988864898682
1,99,5.2960357666015625
1,100,5.4937424659729
1,101,5.363865375518799
1,102,5.486307144165039
1,103,5.4958882331848145
1,104,5.4950690269470215
1,105,5.339638710021973
1,106,5.362339973449707
1,107,5.266347408294678
1,108,5.372109889984131
1,109,5.6999030113220215
1,110,5.413699150085449
1,111,5.272462368011475
1,112,5.180665016174316
1,113,5.540108680725098
1,114,5.395195484161377
1,115,5.318347930908203
1,116,5.334262847900391
1,117,5.1122612953186035
1,118,5.413957118988037
1,119,5.232448101043701
1,120,5.183879375457764
1,121,5.350673198699951
1,122,5.127114295959473
1,123,5.17664098739624
1,124,5.022704124450684
1,125,5.113945484161377
1,126,5.239540100097656
1,127,5.1301374435424805
1,128,5.0731892585754395
1,129,5.210187911987305
1,130,5.1510796546936035
1,131,5.127531051635742
1,132,5.202184677124023
1,133,5.1161417961120605
1,134,4.981082439422607
1,135,5.114978790283203
1,136,5.238780975341797
1,137,5.111727714538574
1,138,5.091597080230713
1,139,5.014933109283447
1,140,5.0505242347717285
1,141,5.223472595214844
1,142,5.09635591506958
1,143,4.999997138977051
1,144,5.29231071472168
1,145,5.078948497772217
1,146,5.202050685882568
1,147,4.954139709472656
1,148,5.053277492523193
1,149,5.146944999694824
1,150,4.92156457901001
1,151,4.83109712600708
1,152,5.065822601318359
1,153,4.944941520690918
1,154,4.9337286949157715
1,155,4.91471529006958
1,156,4.889675140380859
1,157,4.992361545562744
1,158,4.775018692016602
1,159,4.983396053314209
1,160,4.866015911102295
1,161,5.018540382385254
1,162,5.07262659072876
1,163,5.004540920257568
1,164,4.8968505859375
1,165,4.990531921386719
1,166,4.77159309387207
1,167,4.912088871002197
1,168,4.902735233306885
1,169,4.83987283706665
1,170,4.836607933044434
1,171,5.030875205993652
1,172,4.794971466064453
1,173,4.830617427825928
1,174,4.919988632202148
1,175,4.834765911102295
1,176,5.038140773773193
1,177,5.0671234130859375
1,178,4.816959381103516
1,179,4.841426372528076
1,180,4.6850905418396
1,181,4.89610481262207
1,182,4.715754508972168
1,183,4.820600986480713
1,184,4.999563217163086
1,185,4.822316646575928
1,186,5.072083473205566
1,187,4.784968376159668
1,188,4.807065486907959
1,189,4.720353126525879
1,190,4.857913970947266
1,191,4.825437068939209
1,192,4.691071510314941
1,193,4.756582736968994
1,194,4.6332879066467285
1,195,4.704797267913818
1,196,4.99662971496582
1,197,4.570208549499512
1,198,4.713275909423828
1,199,4.686465263366699
1,200,4.75821590423584
1,201,4.972017765045166
1,202,4.627907752990723
1,203,4.770678520202637
1,204,4.908725738525391
1,205,4.644457817077637
1,206,4.843003749847412
1,207,4.711761951446533
1,208,4.661667823791504
1,209,4.593768119812012
1,210,4.742799758911133
1,211,4.559272766113281
1,212,4.727652549743652
1,213,4.678816318511963
1,214,4.739804744720459
1,215,4.8197760581970215
1,216,4.487611770629883
1,217,4.811148643493652
1,218,4.489150047302246
1,219,4.594776630401611
1,220,4.801599979400635
1,221,4.72562313079834
1,222,4.5378594398498535
1,223,4.6023736000061035
1,224,4.5179853439331055
1,225,4.428501129150391
1,226,4.460834980010986
1,227,4.59478759765625
1,228,4.637999057769775
1,229,4.497129440307617
1,230,4.594345569610596
1,231,4.539586544036865
1,232,4.647562503814697
1,233,4.3992438316345215
1,234,4.486141681671143
1,235,4.297438621520996
1,236,4.506871700286865
1,237,4.513092517852783
1,238,4.6968865394592285
1,239,4.543766021728516
1,240,4.7565226554870605
1,241,4.544922351837158
1,242,4.367058753967285
1,243,4.364369869232178
1,244,4.482692718505859
1,245,4.6449875831604
1,246,4.504966735839844
1,247,4.537781238555908
1,248,4.416995525360107
1,249,4.366833209991455
1,250,4.620636940002441
1,251,4.399912357330322
1,252,4.679441928863525
1,253,4.426828861236572
1,254,4.499393939971924
1,255,4.508787155151367
1,256,4.519474983215332
1,257,4.403131484985352
1,258,4.427306175231934
1,259,4.364252090454102
1,260,4.472896575927734
1,261,4.217998504638672
1,262,4.425211429595947
1,263,4.563510417938232
1,264,4.303498268127441
1,265,4.366462707519531
1,266,4.3771233558654785
1,267,4.279422760009766
1,268,4.340816974639893
1,269,4.470620632171631
1,270,4.313577651977539
1,271,4.454935550689697
1,272,4.369517803192139
1,273,4.466944694519043
1,274,4.346225261688232
1,275,4.3382439613342285
1,276,4.1902947425842285
1,277,4.257487773895264
1,278,4.468642234802246
1,279,4.317521095275879
1,280,4.239940166473389
1,281,4.398512363433838
1,282,4.403186321258545
1,283,4.427776336669922
1,284,4.4812116622924805
1,285,4.342128753662109
1,286,4.255617618560791
1,287,4.3249969482421875
1,288,4.351642608642578
1,289,4.319015979766846
1,290,4.275594711303711
1,291,4.2743096351623535
1,292,4.323522567749023
1,293,4.323942184448242
1,294,4.3732781410217285
1,295,4.554720878601074
1,296,4.089439392089844
1,297,4.426017761230469
1,298,4.29067325592041
1,299,4.275111198425293
1,300,4.243186950683594
1,301,4.305538177490234
1,302,4.173130512237549
1,303,4.3018083572387695
1,304,4.075781345367432
1,305,4.475271701812744
1,306,4.329963684082031
1,307,4.351410865783691
1,308,4.225310325622559
1,309,4.162694931030273
1,310,4.289311408996582
1,311,4.304310321807861
1,312,4.188286781311035
1,313,4.287026882171631
1,314,4.262986660003662
1,315,4.135402202606201
1,316,4.446080684661865
1,317,4.5615057945251465
1,318,4.149632453918457
1,319,4.194657325744629
1,320,4.123941898345947
1,321,4.001558780670166
1,322,4.105551719665527
1,323,4.243224143981934
1,324,4.109013557434082
1,325,4.217615127563477
1,326,4.163846492767334
1,327,4.136953353881836
1,328,3.9313063621520996
1,329,4.33604097366333
1,330,4.012583255767822
1,331,4.3875298500061035
1,332,4.203032493591309
1,333,4.090174198150635
1,334,4.187441825866699
1,335,4.182878494262695
1,336,3.953150749206543
1,337,4.086088180541992
1,338,4.084986686706543
1,339,4.031691551208496
1,340,3.973555088043213
1,341,4.120561599731445
1,342,4.0260138511657715
1,343,4.076343536376953
1,344,4.025058746337891
1,345,4.202942848205566
1,346,4.125668048858643
1,347,3.98918080329895
1,348,3.9231038093566895
1,349,4.16494607925415
1,350,3.945446014404297
1,351,4.065533638000488
1,352,4.0334792137146
1,353,4.233738899230957
1,354,3.9575304985046387
1,355,4.113152027130127
1,356,4.074692249298096
1,357,4.110348701477051
1,358,4.254883766174316
1,359,3.916409730911255
1,360,4.06130838394165
1,361,4.201159954071045
1,362,4.082072734832764
1,363,3.912449359893799
1,364,4.00184965133667
1,365,4.137056827545166
1,366,4.0515899658203125
1,367,3.920727252960205
1,368,4.148035049438477
1,369,4.0103864669799805
1,370,3.971140146255493
1,371,3.862963914871216
1,372,4.222867965698242
1,373,4.067626953125
1,374,4.039677143096924
1,375,4.060462474822998
1,376,4.009749412536621
1,377,3.7856249809265137
1,378,4.182036876678467
1,379,4.049249649047852
1,380,3.952770948410034
1,381,3.938838481903076
1,382,3.8985588550567627
1,383,4.383787155151367
1,384,3.941016435623169
1,385,3.941014289855957
1,386,3.869001626968384
1,387,3.9150850772857666
1,388,4.090128421783447
1,389,4.000699520111084
1,390,3.9759132862091064
1,391,3.9473910331726074
1,392,4.268699645996094
1,393,3.8343300819396973
1,394,3.9727916717529297
1,395,3.9626617431640625
1,396,3.867586135864258
1,397,3.888988971710205
1,398,3.8748786449432373
1,399,3.7403974533081055
1,400,3.934631586074829
1,401,3.810929775238037
1,402,3.9119064807891846
1,403,3.8594157695770264
1,404,3.6757683753967285
1,405,3.9496824741363525
1,406,3.9493045806884766
1,407,3.9359374046325684
1,408,3.8274006843566895
1,409,3.761218547821045
1,410,3.833049774169922
1,411,3.790194272994995
1,412,4.012372016906738
1,413,4.0168962478637695
1,414,3.806145429611206
1,415,3.9447548389434814
1,416,3.9302666187286377
1,417,3.8114640712738037
1,418,3.81545352935791
1,419,3.7334258556365967
1,420,3.9918429851531982
1,421,4.099065780639648
1,422,3.9993960857391357
1,423,3.871213912963867
1,424,3.9702422618865967
1,425,3.7573704719543457
1,426,3.980556011199951
1,427,3.8719325065612793
1,428,3.9240262508392334
1,429,4.090104579925537
1,430,3.8802027702331543
1,431,3.8789150714874268
1,432,4.000121593475342
1,433,4.012720584869385
1,434,3.9440362453460693
1,435,4.0281758308410645
1,436,3.7735278606414795
1,437,3.6314141750335693
1,438,3.7942452430725098
1,439,3.9518887996673584
1,440,3.8878908157348633
1,441,3.8295838832855225
1,442,3.7376575469970703
1,443,3.860816478729248
1,444,3.850696086883545
1,445,3.7866389751434326
1,446,3.6084392070770264
1,447,3.7952089309692383
1,448,3.8003182411193848
1,449,3.7010483741760254
1,450,3.629624128341675
1,451,3.654775857925415
1,452,3.9305949211120605
1,453,3.841052532196045
1,454,3.636077642440796
1,455,3.7067506313323975
1,456,3.925506591796875
1,457,3.7149264812469482
1,458,3.6562116146087646
1,459,3.7150144577026367
1,460,3.809607982635498
1,461,3.78493070602417
1,462,3.870851516723633
1,463,3.749514102935791
1,464,3.769120931625366
1,465,3.5777366161346436
1,466,3.6474967002868652
1,467,3.699671983718872
1,468,3.5649402141571045
1,469,3.771390438079834
1,470,3.679785966873169
1,471,3.5797955989837646
1,472,3.8326752185821533
1,473,3.6337437629699707
1,474,3.782183885574341
1,475,3.574260950088501
1,476,3.798823118209839
1,477,3.8400449752807617
1,478,3.6441638469696045
1,479,3.622943878173828
1,480,3.8164212703704834
1,481,3.4885408878326416
1,482,3.838344097137451
1,483,3.7919938564300537
1,484,3.7443366050720215
1,485,3.4925994873046875
1,486,3.6247992515563965
1,487,3.8295280933380127
1,488,3.635432720184326
1,489,3.7220370769500732
1,490,3.7035434246063232
1,491,3.647109031677246
1,492,3.6233770847320557
1,493,3.7463958263397217
1,494,3.805145740509033
1,495,3.542494535446167
1,496,3.7418973445892334
1,497,3.6980748176574707
1,498,3.5242512226104736
1,499,3.6408166885375977
1,500,3.41255521774292
1,501,3.7993032932281494
1,502,3.780174732208252
1,503,3.6009116172790527
1,504,3.6672961711883545
1,505,3.5010242462158203
1,506,3.435549736022949
1,507,3.5035312175750732
1,508,3.513777017593384
1,509,3.553157091140747
1,510,3.7000136375427246
1,511,3.6140520572662354
1,512,3.607792615890503
1,513,3.745985746383667
1,514,3.506385087966919
1,515,3.4560623168945312
1,516,3.519134283065796
1,517,3.4773318767547607
1,518,3.7474193572998047
1,519,3.6197292804718018
1,520,3.5210626125335693
1,521,3.4761016368865967
1,522,3.7266664505004883
1,523,3.556565999984741
1,524,3.575662851333618
1,525,3.393911600112915
1,526,3.5311172008514404
1,527,3.5615739822387695
1,528,3.5582213401794434
1,529,3.3913581371307373
1,530,3.496760845184326
1,531,3.4805970191955566
1,532,3.7724547386169434
1,533,3.6388862133026123
1,534,3.531442642211914
1,535,3.668116331100464
1,536,3.5384366512298584
1,537,3.6458828449249268
1,538,3.6392908096313477
1,539,3.507490873336792
1,540,3.514049530029297
1,541,3.5530993938446045
1,542,3.4665439128875732
1,543,3.6316936016082764
1,544,3.695929765701294
1,545,3.6307032108306885
1,546,3.928947925567627
1,547,3.4907710552215576
1,548,3.497323751449585
1,549,3.3396108150482178
1,550,3.3829596042633057
1,551,3.7108356952667236
1,552,3.70373272895813
1,553,3.5408527851104736
1,554,3.3910739421844482
1,555,3.4980695247650146
1,556,3.58744740486145
1,557,3.472757339477539
1,558,3.6885061264038086
1,559,3.273385763168335
1,560,3.4417667388916016
1,561,3.527987480163574
1,562,3.4637417793273926
1,563,3.4604196548461914
1,564,3.3816144466400146
1,565,3.3964955806732178
1,566,3.547353506088257
1,567,3.5401611328125
1,568,3.617532968521118
1,569,3.471433401107788
1,570,3.7462778091430664
1,571,3.455442190170288
1,572,3.2827060222625732
1,573,3.2517545223236084
1,574,3.633941411972046
1,575,3.533832550048828
1,576,3.468190908432007
1,577,3.544816017150879
1,578,3.5344526767730713
1,579,3.3741350173950195
1,580,3.5376839637756348
1,581,3.3618481159210205
1,582,3.452812433242798
1,583,3.4084091186523438
1,584,3.4697818756103516
1,585,3.3398773670196533
1,586,3.3566715717315674
1,587,3.441580057144165
1,588,3.3523507118225098
1,589,3.4570226669311523
1,590,3.544677257537842
1,591,3.5583267211914062
1,592,3.4168107509613037
1,593,3.582441568374634
1,594,3.449063777923584
1,595,3.4910888671875
1,596,3.3236923217773438
1,597,3.6986734867095947
1,598,3.346916913986206
1,599,3.425428867340088
1,600,3.6558148860931396
1,601,3.431079149246216
1,602,3.3268773555755615
1,603,3.2609505653381348
1,604,3.3885066509246826
1,605,3.196240186691284
1,606,3.6090266704559326
1,607,3.4314754009246826
1,608,3.4018843173980713
1,609,3.4786059856414795
1,610,3.345888376235962
1,611,3.185410261154175
1,612,3.2622036933898926
1,613,3.5147969722747803
1,614,3.3207287788391113
1,615,3.260073184967041
1,616,3.496255874633789
1,617,3.5682222843170166
1,618,3.4637272357940674
1,619,3.4141335487365723
1,620,3.3117144107818604
1,621,3.6033666133880615
1,622,3.2486813068389893
1,623,3.3399810791015625
1,624,3.272341012954712
1,625,3.4845309257507324
1,626,3.4696662425994873
1,627,3.4556760787963867
1,628,3.284170150756836
1,629,3.386636257171631
1,630,3.3137590885162354
1,631,3.350881338119507
1,632,3.412307024002075
1,633,3.364447832107544
1,634,3.436448097229004
1,635,3.379882335662842
1,636,3.419064998626709
1,637,3.3926570415496826
1,638,3.421290874481201
1,639,3.2871768474578857
1,640,3.2458629608154297
1,641,3.3302969932556152
1,642,3.4562630653381348
1,643,3.288727283477783
1,644,3.3641788959503174
1,645,3.2820394039154053
1,646,3.2085747718811035
1,647,3.551220417022705
1,648,3.5775034427642822
1,649,3.3111822605133057
1,650,3.0403895378112793
1,651,3.3521511554718018
1,652,3.497175455093384
1,653,3.3694658279418945
1,654,3.336081027984619
1,655,3.201063871383667
1,656,3.1072561740875244
1,657,3.126668930053711
1,658,3.369701385498047
1,659,3.163971185684204
1,660,3.4583041667938232
1,661,3.4734134674072266
1,662,3.1786720752716064
1,663,3.2629506587982178
1,664,3.195690393447876
1,665,3.163404703140259
1,666,3.3407528400421143
1,667,3.304518222808838
1,668,3.323291301727295
1,669,3.3130276203155518
1,670,3.431929588317871
1,671,3.1601920127868652
1,672,3.277269124984741
1,673,3.286006212234497
1,674,3.0930891036987305
1,675,3.2502453327178955
1,676,3.1329290866851807
1,677,3.4938652515411377
1,678,3.3965532779693604
1,679,3.2503247261047363
1,680,3.5189599990844727
1,681,3.3760249614715576
1,682,3.2553608417510986
1,683,3.0469915866851807
1,684,3.1786460876464844
1,685,3.3224093914031982
1,686,3.2137060165405273
1,687,3.40590763092041
1,688,3.240419626235962
1,689,3.0301156044006348
1,690,3.246932029724121
1,691,3.311488628387451
1,692,3.2593066692352295
1,693,3.372791290283203
1,694,3.2164125442504883
1,695,3.377840518951416
1,696,3.288321018218994
1,697,3.3841702938079834
1,698,3.236736536026001
1,699,3.2345945835113525
1,700,3.1718053817749023
1,701,3.1817409992218018
1,702,3.0726795196533203
1,703,3.197551965713501
1,704,3.335505723953247
1,705,3.3024210929870605
1,706,3.3266236782073975
1,707,3.208272933959961
1,708,3.3375747203826904
1,709,3.371485710144043
1,710,3.153000831604004
1,711,3.114032745361328
1,712,3.3165018558502197
1,713,3.1448593139648438
1,714,3.262964963912964
1,715,3.2832562923431396
1,716,3.2996666431427
1,717,3.164519786834717
1,718,3.218404769897461
1,719,3.322153091430664
1,720,3.036125659942627
1,721,3.280313491821289
1,722,3.214541435241699
1,723,3.2198326587677
1,724,3.2118618488311768
1,725,3.104492664337158
1,726,3.280492067337036
1,727,3.1073338985443115
1,728,3.1360368728637695
1,729,3.1177210807800293
1,730,3.3729183673858643
1,731,3.112078905105591
1,732,2.875509738922119
1,733,3.1406304836273193
1,734,3.0053844451904297
1,735,3.1365602016448975
1,736,3.2189948558807373
1,737,3.276750087738037
1,738,3.1400387287139893
1,739,3.3439619541168213
1,740,3.2258777618408203
1,741,3.016413450241089
1,742,3.3595452308654785
1,743,3.3813068866729736
1,744,3.306307554244995
1,745,2.8685359954833984
1,746,3.19498348236084
1,747,3.1845550537109375
1,748,3.2610719203948975
1,749,3.0359408855438232
1,750,3.0560898780822754
1,751,3.100649356842041
1,752,3.2125511169433594
1,753,3.172762632369995
1,754,2.957974672317505
1,755,3.345390558242798
1,756,3.1747822761535645
1,757,3.142989158630371
1,758,2.9046943187713623
1,759,3.047701597213745
1,760,3.130469799041748
1,761,3.174987554550171
1,762,3.2043213844299316
1,763,3.2075698375701904
1,764,3.224034070968628
1,765,3.2325098514556885
1,766,2.999946117401123
1,767,3.061997175216675
1,768,2.9208576679229736
1,769,3.5843868255615234
1,770,3.081988573074341
1,771,3.0887928009033203
1,772,3.3784451484680176
1,773,3.0665605068206787
1,774,3.2184805870056152
1,775,3.107618570327759
1,776,3.223107099533081
1,777,3.068282127380371
1,778,3.067244052886963
1,779,3.093177080154419
1,780,3.188404083251953
1,781,3.1677210330963135
1,782,3.266023874282837
1,783,3.0572335720062256
1,784,3.1347928047180176
1,785,3.2305641174316406
1,786,3.00457501411438
1,787,3.3491573333740234
1,788,3.27629017829895
1,789,3.2639713287353516
1,790,2.990684986114502
1,791,3.014634132385254
1,792,3.1070919036865234
1,793,3.175255060195923
1,794,3.0426621437072754
1,795,3.0614283084869385
1,796,3.2909717559814453
1,797,3.0060958862304688
1,798,2.9925448894500732
1,799,3.0471105575561523
1,800,3.10365629196167
1,801,3.0212204456329346
1,802,3.1313438415527344
1,803,3.0843775272369385
1,804,3.2490944862365723
1,805,3.4039230346679688
1,806,3.0340030193328857
1,807,3.154291868209839
1,808,3.0536949634552
1,809,3.1729183197021484
1,810,3.025874137878418
1,811,3.034973382949829
1,812,3.294435739517212
1,813,3.018084764480591
1,814,2.97941255569458
1,815,3.080915689468384
1,816,2.7961740493774414
1,817,2.843608856201172
1,818,3.245927095413208
1,819,3.093791961669922
1,820,3.0796051025390625
1,821,2.959035634994507
1,822,3.0898208618164062
1,823,2.9675018787384033
1,824,3.036503553390503
1,825,2.9314732551574707
1,826,3.078616142272949
1,827,3.0090088844299316
1,828,2.9511823654174805
1,829,3.1162919998168945
1,830,3.0792412757873535
1,831,3.253436803817749
1,832,3.1271398067474365
1,833,3.0940325260162354
1,834,3.0964243412017822
1,835,2.930582284927368
1,836,2.8947014808654785
1,837,3.0954337120056152
1,838,3.0550484657287598
1,839,2.846766233444214
1,840,2.9513680934906006
1,841,2.983741283416748
1,842,3.029043197631836
1,843,2.9551656246185303
1,844,3.1025443077087402
1,845,2.9854276180267334
1,846,3.0136587619781494
1,847,3.047494411468506
1,848,2.965827465057373
1,849,3.072737216949463
1,850,3.2386693954467773
1,851,3.1873137950897217
1,852,3.006988286972046
1,853,2.7684009075164795
1,854,3.02571177482605
1,855,2.929551601409912
1,856,3.154801845550537
1,857,3.4080774784088135
1,858,3.144652843475342
1,859,3.0083301067352295
1,860,3.1869850158691406
1,861,2.958763360977173
1,862,3.0572402477264404
1,863,2.926225185394287
1,864,2.789389133453369
1,865,3.0868911743164062
1,866,2.9888973236083984
1,867,3.1319191455841064
1,868,3.0908126831054688
1,869,2.8482415676116943
1,870,2.7904112339019775
1,871,3.1324896812438965
1,872,3.0320262908935547
1,873,3.0469319820404053
1,874,3.1124587059020996
1,875,3.025038480758667
1,876,3.0633726119995117
1,877,2.975377082824707
1,878,2.9986040592193604
1,879,3.0267817974090576
1,880,2.9050955772399902
1,881,3.080857038497925
1,882,3.014310598373413
1,883,2.902909994125366
1,884,2.963416337966919
1,885,2.9948253631591797
1,886,2.92162823677063
1,887,2.8871779441833496
1,888,2.9780945777893066
1,889,2.813319683074951
1,890,3.018594980239868
1,891,3.002795934677124
1,892,2.9276301860809326
1,893,2.9368722438812256
1,894,2.855447769165039
1,895,2.9483699798583984
1,896,2.8850443363189697
1,897,2.8429083824157715
1,898,3.0089356899261475
1,899,2.915505886077881
1,900,2.9128944873809814
1,901,2.9099912643432617
1,902,2.9563238620758057
1,903,2.9976818561553955
1,904,3.084967851638794
1,905,2.9515106678009033
1,906,3.1410369873046875
1,907,3.212924003601074
1,908,3.045280694961548
1,909,3.215113639831543
1,910,2.9675614833831787
1,911,2.9766414165496826
1,912,3.093111038208008
1,913,2.8716962337493896
1,914,2.7414634227752686
1,915,2.914325475692749
1,916,3.199188709259033
1,917,3.0693280696868896
1,918,3.0180208683013916
1,919,3.0614914894104004
1,920,2.9433205127716064
1,921,3.225093126296997
1,922,2.8968586921691895
1,923,3.075998544692993
1,924,2.827237129211426
1,925,2.9518587589263916
1,926,2.994475841522217
1,927,3.0243020057678223
1,928,3.103576898574829
1,929,2.9731695652008057
1,930,2.83872652053833
1,931,2.9630215167999268
1,932,2.9603452682495117
1,933,3.1463534832000732
1,934,2.876244068145752
1,935,3.167994976043701
1,936,3.016442060470581
1,937,2.811866283416748
1,938,2.7564101219177246
1,939,2.9147772789001465
1,940,2.8441011905670166
1,941,2.951077938079834
1,942,2.8524417877197266
1,943,3.053973436355591
1,944,2.789247989654541
1,945,2.9690215587615967
1,946,2.9815409183502197
1,947,2.809279203414917
1,948,2.97434139251709
1,949,2.7956466674804688
1,950,2.8954310417175293
1,951,2.8052926063537598
1,952,2.8921167850494385
1,953,2.815713405609131
1,954,3.018226385116577
1,955,2.990356922149658
1,956,2.9598228931427
1,957,2.9050886631011963
1,958,2.9400179386138916
1,959,2.9912147521972656
1,960,2.8569443225860596
1,961,3.0263795852661133
1,962,3.0675289630889893
1,963,2.8445794582366943
1,964,2.749439239501953
1,965,2.8095645904541016
1,966,2.927635908126831
1,967,2.759660482406616
1,968,2.9940567016601562
1,969,2.883145570755005
1,970,2.761870861053467
1,971,2.898841381072998
1,972,2.7826790809631348
1,973,2.9227664470672607
1,974,2.8093302249908447
1,975,2.9739370346069336
1,976,2.9323277473449707
1,977,2.986997127532959
1,978,2.7706546783447266
1,979,2.7483203411102295
1,980,2.953772783279419
1,981,2.8020827770233154
1,982,2.968336820602417
1,983,2.7233026027679443
1,984,2.8520545959472656
1,985,2.847766876220703
1,986,2.9557313919067383
1,987,2.9005143642425537
1,988,2.840114116668701
1,989,2.7258987426757812
1,990,2.8778889179229736
1,991,2.92130970954895
1,992,2.9268970489501953
1,993,2.9168918132781982
1,994,2.848740816116333
1,995,2.8081815242767334
1,996,2.84883189201355
1,997,2.8537778854370117
1,998,2.864598035812378
1,999,2.841503381729126
1,1000,2.788370132446289
1,1001,2.937318801879883
1,1002,2.9004788398742676
1,1003,2.9292092323303223
1,1004,2.6755309104919434
1,1005,2.788719654083252
1,1006,3.008976697921753
1,1007,2.690714120864868
1,1008,2.7078938484191895
1,1009,2.7598676681518555
1,1010,2.9043781757354736
1,1011,2.7893683910369873
1,1012,2.780867338180542
1,1013,2.766010046005249
1,1014,2.7781295776367188
1,1015,2.9285190105438232
1,1016,3.0010173320770264
1,1017,2.905305862426758
1,1018,2.720527172088623
1,1019,2.6478986740112305
1,1020,2.6441948413848877
1,1021,2.7573342323303223
1,1022,2.730308771133423
1,1023,2.929222822189331
1,1024,2.713412046432495
1,1025,2.737510919570923
1,1026,2.713367462158203
1,1027,2.6772549152374268
1,1028,3.0132479667663574
1,1029,2.703861713409424
1,1030,2.9076976776123047
1,1031,2.9963154792785645
1,1032,2.669151782989502
1,1033,2.705811023712158
1,1034,2.7138359546661377
1,1035,2.7736120223999023
1,1036,2.76788330078125
1,1037,3.13244891166687
1,1038,2.690776824951172
1,1039,2.7032885551452637
1,1040,2.7706358432769775
1,1041,2.82342791557312
1,1042,2.6760828495025635
1,1043,2.5740838050842285
1,1044,2.920675039291382
1,1045,3.1751108169555664
1,1046,2.6060824394226074
1,1047,2.841404914855957
1,1048,2.7384982109069824
1,1049,2.937739849090576
1,1050,2.8729238510131836
1,1051,2.749830722808838
1,1052,2.8435306549072266
1,1053,2.7038798332214355
1,1054,2.7093067169189453
1,1055,2.5998151302337646
1,1056,2.7550923824310303
1,1057,2.8767919540405273
1,1058,2.8363893032073975
1,1059,2.7493298053741455
1,1060,2.6912670135498047
1,1061,2.6799263954162598
1,1062,2.898339033126831
1,1063,2.7364063262939453
1,1064,2.8070309162139893
1,1065,2.5395190715789795
1,1066,2.6408753395080566
1,1067,2.6882636547088623
1,1068,2.7651355266571045
1,1069,2.7449212074279785
1,1070,3.013484001159668
1,1071,2.746086597442627
1,1072,2.802860975265503
1,1073,2.8624465465545654
1,1074,2.97060227394104
1,1075,3.035489797592163
1,1076,2.5711615085601807
1,1077,2.6868715286254883
1,1078,2.835414171218872
1,1079,2.7470626831054688
1,1080,2.541013479232788
1,1081,2.678694725036621
1,1082,2.685347557067871
1,1083,2.6433260440826416
1,1084,2.731900930404663
1,1085,2.731274366378784
1,1086,2.7868103981018066
1,1087,2.6772265434265137
1,1088,2.6235549449920654
1,1089,2.812849283218384
1,1090,2.827784538269043
1,1091,2.8078935146331787
1,1092,2.703744888305664
1,1093,2.485542058944702
1,1094,2.7917838096618652
1,1095,2.5956857204437256
1,1096,2.8897697925567627
1,1097,2.628749132156372
1,1098,2.6941847801208496
1,1099,2.7981956005096436
1,1100,2.7317776679992676
1,1101,2.7447822093963623
1,1102,2.9323742389678955
1,1103,2.595923662185669
1,1104,2.8226125240325928
1,1105,2.6871979236602783
1,1106,2.7163310050964355
1,1107,2.818481683731079
1,1108,2.5623831748962402
1,1109,2.6501810550689697
1,1110,2.865457534790039
1,1111,2.668917179107666
1,1112,2.538792371749878
1,1113,2.5912230014801025
1,1114,2.790863275527954
1,1115,2.755995273590088
1,1116,2.8960752487182617
1,1117,2.7034659385681152
1,1118,2.4710757732391357
1,1119,2.7830324172973633
1,1120,2.7654974460601807
1,1121,2.9474785327911377
1,1122,2.581101417541504
1,1123,2.6098456382751465
1,1124,2.581298351287842
1,1125,2.6747307777404785
1,1126,2.638698101043701
1,1127,2.816114902496338
1,1128,2.669426441192627
1,1129,2.703672409057617
1,1130,2.8631293773651123
1,1131,2.576117753982544
1,1132,2.5681099891662598
1,1133,2.542844772338867
1,1134,2.890207290649414
1,1135,2.796168088912964
1,1136,2.729382276535034
1,1137,2.793142080307007
1,1138,2.886338710784912
1,1139,2.809028148651123
1,1140,2.618513345718384
1,1141,2.858529806137085
1,1142,2.8253419399261475
1,1143,2.7464795112609863
1,1144,2.574617862701416
1,1145,2.855647563934326
1,1146,2.8497509956359863
1,1147,2.628845453262329
1,1148,2.7582061290740967
1,1149,2.4037652015686035
1,1150,2.679741621017456
1,1151,2.5867090225219727
1,1152,2.599374532699585
1,1153,2.522320508956909
1,1154,2.7271273136138916
1,1155,2.8560330867767334
1,1156,2.823986768722534
1,1157,2.7968692779541016
1,1158,2.6732590198516846
1,1159,2.3832178115844727
1,1160,2.855867385864258
1,1161,2.5530576705932617
1,1162,2.7662107944488525
1,1163,2.659252166748047
1,1164,2.617837905883789
1,1165,2.8408212661743164
1,1166,2.667182683944702
1,1167,2.724790096282959
1,1168,2.6341328620910645
1,1169,2.6732962131500244
1,1170,2.875744342803955
1,1171,3.1036736965179443
1,1172,2.551067590713501
1,1173,2.6377921104431152
1,1174,2.610246419906616
1,1175,2.6766226291656494
1,1176,2.7426934242248535
1,1177,2.710601329803467
1,1178,2.696383476257324
1,1179,2.5536274909973145
1,1180,2.738314151763916
1,1181,2.628854274749756
1,1182,2.662550926208496
1,1183,2.671511650085449
1,1184,2.624030590057373
1,1185,2.634963274002075
1,1186,2.5864384174346924
1,1187,2.7751965522766113
1,1188,2.752279281616211
1,1189,2.673973321914673
1,1190,2.683077096939087
1,1191,2.7584359645843506
1,1192,2.5682923793792725
1,1193,2.594754457473755
1,1194,2.457350730895996
1,1195,2.711001396179199
1,1196,2.9215214252471924
1,1197,2.595527172088623
1,1198,2.6664113998413086
1,1199,2.8644912242889404
1,1200,2.919398307800293
1,1201,2.5243053436279297
1,1202,2.6163785457611084
1,1203,2.548952341079712
1,1204,2.7421927452087402
1,1205,2.5892081260681152
1,1206,2.6980879306793213
1,1207,2.638655185699463
1,1208,2.909215211868286
1,1209,2.5465505123138428
1,1210,2.5405385494232178
1,1211,2.6251676082611084
1,1212,2.5458388328552246
1,1213,2.753464698791504
1,1214,2.623457908630371
1,1215,2.4035909175872803
1,1216,2.5057449340820312
1,1217,2.594383716583252
1,1218,2.8783442974090576
1,1219,2.571742057800293
1,1220,2.6679039001464844
1,1221,2.575770616531372
1,1222,2.5912818908691406
1,1223,2.7653889656066895
1,1224,2.7092363834381104
1,1225,2.8856489658355713
1,1226,2.671454429626465
1,1227,2.6779332160949707
1,1228,2.690549850463867
1,1229,2.4596364498138428
1,1230,2.5881457328796387
1,1231,2.7386105060577393
1,1232,2.5635952949523926
1,1233,2.645238161087036
1,1234,2.904215097427368
1,1235,2.739696502685547
1,1236,2.4005625247955322
1,1237,2.498610258102417
1,1238,2.748500347137451
1,1239,2.8273727893829346
1,1240,2.575739622116089
1,1241,2.5317447185516357
1,1242,2.580390214920044
1,1243,2.332740545272827
1,1244,2.5242116451263428
1,1245,2.426492691040039
1,1246,2.6527795791625977
1,1247,2.3738248348236084
1,1248,2.789571523666382
1,1249,2.606863260269165
1,1250,2.595341682434082
1,1251,2.4002273082733154
1,1252,2.674605131149292
1,1253,2.4872536659240723
1,1254,2.694270610809326
1,1255,2.509223222732544
1,1256,2.5899338722229004
1,1257,2.461893081665039
1,1258,2.546673536300659
1,1259,2.7893519401550293
1,1260,2.460484266281128
1,1261,2.7266881465911865
1,1262,2.3958871364593506
1,1263,2.774807929992676
1,1264,2.358358860015869
1,1265,2.569269895553589
1,1266,2.4858717918395996
1,1267,2.767883539199829
1,1268,2.47434663772583
1,1269,2.5201416015625
1,1270,2.601419448852539
1,1271,2.462714433670044
1,1272,2.6236178874969482
1,1273,2.5467231273651123
1,1274,2.473237991333008
1,1275,2.4966328144073486
1,1276,2.4386749267578125
1,1277,2.597432851791382
1,1278,2.6769392490386963
1,1279,2.572028636932373
1,1280,2.4546093940734863
1,1281,2.4234554767608643
1,1282,2.5486388206481934
1,1283,2.6114306449890137
1,1284,2.7143077850341797
1,1285,2.5392394065856934
1,1286,2.664851188659668
1,1287,2.6200082302093506
1,1288,2.382573127746582
1,1289,2.43857479095459
1,1290,2.288978099822998
1,1291,2.711535930633545
1,1292,2.5597214698791504
1,1293,2.3224375247955322
1,1294,2.353039026260376
1,1295,2.4218924045562744
1,1296,2.4501712322235107
1,1297,2.504241943359375
1,1298,2.771867275238037
1,1299,2.524371385574341
1,1300,2.4280316829681396
1,1301,2.5778164863586426
1,1302,2.632533311843872
1,1303,2.4296371936798096
1,1304,2.51096510887146
1,1305,2.384490728378296
1,1306,2.3036937713623047
1,1307,2.7631397247314453
1,1308,2.538020610809326
1,1309,2.722329616546631
1,1310,2.616250514984131
1,1311,2.7025513648986816
1,1312,2.506769895553589
1,1313,2.5086963176727295
1,1314,2.5295398235321045
1,1315,2.583172559738159
1,1316,2.5580942630767822
1,1317,2.3646562099456787
1,1318,2.623589277267456
1,1319,2.6181113719940186
1,1320,2.4301328659057617
1,1321,2.658994674682617
1,1322,2.6594552993774414
1,1323,2.567131280899048
1,1324,2.530233860015869
1,1325,2.6787683963775635
1,1326,2.5841615200042725
1,1327,2.4495742321014404
1,1328,2.5124595165252686
1,1329,2.3542838096618652
1,1330,2.656816005706787
1,1331,2.6728384494781494
1,1332,2.5682532787323
1,1333,2.723825693130493
1,1334,2.596043109893799
1,1335,2.5442094802856445
1,1336,2.4152307510375977
1,1337,2.48007869720459
1,1338,2.6654295921325684
1,1339,2.417503595352173
1,1340,2.5823347568511963
1,1341,2.348785161972046
1,1342,2.48866868019104
1,1343,2.5706019401550293
1,1344,2.6027965545654297
1,1345,2.605219602584839
1,1346,2.6847760677337646
1,1347,2.6681199073791504
1,1348,2.3681082725524902
1,1349,2.5135841369628906
1,1350,2.3764617443084717
1,1351,2.6292686462402344
1,1352,2.816744089126587
1,1353,2.4869179725646973
1,1354,2.7369160652160645
1,1355,2.524399757385254
1,1356,2.3742692470550537
1,1357,2.3459770679473877
1,1358,2.6546478271484375
1,1359,2.5662710666656494
1,1360,2.4335343837738037
1,1361,2.3845839500427246
1,1362,2.6367063522338867
1,1363,2.49710750579834
1,1364,2.4955105781555176
1,1365,2.4538567066192627
1,1366,2.3852925300598145
1,1367,2.4207372665405273
1,1368,2.661391258239746
1,1369,2.4367544651031494
1,1370,2.6788008213043213
1,1371,2.3832755088806152
1,1372,2.2727324962615967
1,1373,2.4915473461151123
1,1374,2.3684427738189697
1,1375,2.5533690452575684
1,1376,2.531418561935425
1,1377,2.6460564136505127
1,1378,2.3222148418426514
1,1379,2.4170451164245605
1,1380,2.6293532848358154
1,1381,2.226370096206665
1,1382,2.451087713241577
1,1383,2.3931002616882324
1,1384,2.510854959487915
1,1385,2.416823387145996
1,1386,2.601893186569214
1,1387,2.1075522899627686
1,1388,2.591330051422119
1,1389,2.6429359912872314
1,1390,2.4825029373168945
1,1391,2.3930962085723877
1,1392,2.573702335357666
1,1393,2.3168442249298096
1,1394,2.4547247886657715
1,1395,2.465514659881592
1,1396,2.450779438018799
1,1397,2.5402207374572754
1,1398,2.6604068279266357
1,1399,2.676941394805908
1,1400,2.524142026901245
1,1401,2.4620678424835205
1,1402,2.633833885192871
1,1403,2.4363908767700195
1,1404,2.5697007179260254
1,1405,2.5214874744415283
1,1406,2.2851719856262207
1,1407,2.507004976272583
1,1408,2.5213027000427246
1,1409,2.5234720706939697
1,1410,2.4368433952331543
1,1411,2.5561649799346924
1,1412,2.3085787296295166
1,1413,2.499573230743408
1,1414,2.2562191486358643
1,1415,2.411644697189331
1,1416,2.4607186317443848
1,1417,2.5082478523254395
1,1418,2.5070743560791016
1,1419,2.4957005977630615
1,1420,2.6803083419799805
1,1421,2.2659733295440674
1,1422,2.5125110149383545
1,1423,2.176779270172119
1,1424,2.4861927032470703
1,1425,2.3306238651275635
1,1426,2.6585564613342285
1,1427,2.3856961727142334
1,1428,2.765699863433838
1,1429,2.354497194290161
1,1430,2.5217156410217285
1,1431,2.539288282394409
1,1432,2.3216161727905273
1,1433,2.3711230754852295
1,1434,2.640265941619873
1,1435,2.4558069705963135
1,1436,2.4521243572235107
1,1437,2.4072251319885254
1,1438,2.202934741973877
1,1439,2.4413866996765137
1,1440,2.676367998123169
1,1441,2.541346311569214
1,1442,2.527754783630371
1,1443,2.3494858741760254
1,1444,2.7724173069000244
1,1445,2.3627474308013916
1,1446,2.367598056793213
1,1447,2.6161484718322754
1,1448,2.357966899871826
1,1449,2.6323325634002686
1,1450,2.423469305038452
1,1451,2.552471160888672
1,1452,2.378096103668213
1,1453,2.5093703269958496
1,1454,2.4372830390930176
1,1455,2.394080877304077
1,1456,2.308013677597046
1,1457,2.6612372398376465
1,1458,2.6315407752990723
1,1459,2.6556758880615234
1,1460,2.4418911933898926
1,1461,2.279578447341919
1,1462,2.6206257343292236
1,1463,2.503802537918091
1,1464,2.3777685165405273
1,1465,2.4476563930511475
1,1466,2.572615146636963
1,1467,2.343982458114624
1,1468,2.3610730171203613
1,1469,2.3024258613586426
1,1470,2.6242082118988037
1,1471,2.3281185626983643
1,1472,2.314178705215454
1,1473,2.2514569759368896
1,1474,2.8031303882598877
1,1475,2.5326945781707764
1,1476,2.5577661991119385
1,1477,2.3847732543945312
1,1478,2.3138184547424316
1,1479,2.289719581604004
1,1480,2.44869327545166
1,1481,2.422757148742676
1,1482,2.2977285385131836
1,1483,2.336190938949585
1,1484,2.258042097091675
1,1485,2.429070472717285
1,1486,2.4592819213867188
1,1487,2.3694605827331543
1,1488,2.410973310470581
1,1489,2.4344537258148193
1,1490,2.232938051223755
1,1491,2.3575587272644043
1,1492,2.2681307792663574
1,1493,2.408222198486328
1,1494,2.3329999446868896
1,1495,2.1924240589141846
1,1496,2.3771533966064453
1,1497,2.4117279052734375
1,1498,2.300950765609741
1,1499,2.3208887577056885
1,1500,2.3828699588775635
1,1501,2.48647141456604
1,1502,2.271169424057007
1,1503,2.7057812213897705
1,1504,2.2446720600128174
1,1505,2.234041213989258
1,1506,2.3674983978271484
1,1507,2.169552803039551
1,1508,2.4076409339904785
1,1509,2.406906843185425
1,1510,2.2545948028564453
1,1511,2.25223970413208
1,1512,2.2598185539245605
1,1513,2.39975905418396
1,1514,2.3047585487365723
1,1515,2.454439640045166
1,1516,2.5706288814544678
1,1517,2.230478525161743
1,1518,2.4181268215179443
1,1519,2.459721088409424
1,1520,2.153768301010132
1,1521,2.29345965385437
1,1522,2.31471848487854
1,1523,2.4265198707580566
1,1524,2.5490500926971436
1,1525,2.3951921463012695
1,1526,2.1251344680786133
1,1527,2.408141851425171
1,1528,2.257685661315918
1,1529,2.345310688018799
1,1530,2.488668441772461
1,1531,2.248061180114746
1,1532,2.3819832801818848
1,1533,2.4775946140289307
1,1534,2.3000242710113525
1,1535,2.4716691970825195
1,1536,2.5395925045013428
1,1537,2.2464818954467773
1,1538,2.3348143100738525
1,1539,2.3203890323638916
1,1540,2.2274680137634277
1,1541,2.381704807281494
1,1542,2.4833741188049316
1,1543,2.611015558242798
1,1544,2.5334529876708984
1,1545,2.252239227294922
1,1546,2.370742082595825
1,1547,2.4335436820983887
1,1548,2.5066704750061035
1,1549,2.519096851348877
1,1550,2.384385347366333
1,1551,2.3363585472106934
1,1552,2.4519054889678955
1,1553,2.2861623764038086
1,1554,2.134242057800293
1,1555,2.2323596477508545
1,1556,2.3915293216705322
1,1557,2.1627426147460938
1,1558,2.399277925491333
1,1559,2.532262086868286
1,1560,2.2450568675994873
1,1561,2.2956104278564453
1,1562,2.4148802757263184
1,1563,2.3430421352386475
1,1564,2.3860762119293213
1,1565,2.468308925628662
1,1566,2.3574678897857666
1,1567,2.2317922115325928
1,1568,2.356076955795288
1,1569,2.56469988822937
1,1570,2.198884963989258
1,1571,2.260892868041992
1,1572,2.4210281372070312
1,1573,2.489889621734619
1,1574,2.443150520324707
1,1575,2.260706663131714
1,1576,2.2739381790161133
1,1577,2.3506622314453125
1,1578,2.3003358840942383
1,1579,2.454535961151123
1,1580,2.3531410694122314
1,1581,2.2234418392181396
1,1582,2.2070841789245605
1,1583,2.2239878177642822
1,1584,2.2906277179718018
1,1585,2.3309080600738525
1,1586,2.094090223312378
1,1587,2.276331663131714
1,1588,2.199371099472046
1,1589,2.3521838188171387
1,1590,2.449852705001831
1,1591,2.4505438804626465
1,1592,2.2928009033203125
1,1593,2.3082971572875977
1,1594,2.1486167907714844
1,1595,2.469511032104492
1,1596,2.175712823867798
1,1597,2.442767381668091
1,1598,2.2411739826202393
1,1599,2.3712704181671143
1,1600,2.0959293842315674
1,1601,2.361929178237915
1,1602,2.5121965408325195
1,1603,2.1621596813201904
1,1604,2.4741220474243164
1,1605,2.218679666519165
1,1606,2.347778558731079
1,1607,2.4014928340911865
1,1608,2.235302686691284
1,1609,2.429241418838501
1,1610,2.3400509357452393
1,1611,2.415647029876709
1,1612,2.2857468128204346
1,1613,2.2341465950012207
1,1614,2.179645538330078
1,1615,2.1050705909729004
1,1616,2.408095359802246
1,1617,2.492283344268799
1,1618,2.2390007972717285
1,1619,2.3998353481292725
1,1620,2.594707727432251
1,1621,2.282365560531616
1,1622,2.2153899669647217
1,1623,2.285111427307129
1,1624,2.354844093322754
1,1625,2.3558578491210938
1,1626,2.2971692085266113
1,1627,2.299262285232544
1,1628,2.1133553981781006
1,1629,2.3107383251190186
1,1630,2.4493093490600586
1,1631,2.034060001373291
1,1632,2.2584595680236816
1,1633,2.3148982524871826
1,1634,2.3739025592803955
1,1635,2.3016903400421143
1,1636,2.3825974464416504
1,1637,2.1347737312316895
1,1638,2.200692653656006
1,1639,2.27142333984375
1,1640,2.6001312732696533
1,1641,2.3502771854400635
1,1642,2.3960657119750977
1,1643,2.3571717739105225
1,1644,2.2216033935546875
1,1645,2.3358840942382812
1,1646,2.400404930114746
1,1647,2.1196699142456055
1,1648,2.1471035480499268
1,1649,2.57444429397583
1,1650,2.2540905475616455
1,1651,2.240074634552002
1,1652,2.2868731021881104
1,1653,2.4500732421875
1,1654,2.3006489276885986
1,1655,2.414259433746338
1,1656,2.104745626449585
1,1657,2.353407382965088
1,1658,2.4248805046081543
1,1659,2.157877206802368
1,1660,2.1658480167388916
1,1661,2.3384385108947754
1,1662,2.3218064308166504
1,1663,2.6748862266540527
1,1664,2.124269485473633
1,1665,2.3956828117370605
1,1666,2.2878036499023438
1,1667,2.2180304527282715
1,1668,2.2579383850097656
1,1669,2.193106174468994
1,1670,2.0919113159179688
1,1671,2.4006717205047607
1,1672,2.246835470199585
1,1673,2.3270041942596436
1,1674,2.2284417152404785
1,1675,2.1714377403259277
1,1676,2.317274570465088
1,1677,2.1609110832214355
1,1678,2.301016330718994
1,1679,2.3120827674865723
1,1680,2.2888786792755127
1,1681,2.4544100761413574
1,1682,2.3755550384521484
1,1683,2.2629311084747314
1,1684,2.2551238536834717
1,1685,2.402193069458008
1,1686,2.1530396938323975
1,1687,2.2741403579711914
1,1688,2.1255533695220947
1,1689,2.355130434036255
1,1690,2.3593404293060303
1,1691,2.426386594772339
1,1692,2.5611846446990967
1,1693,2.29964542388916
1,1694,2.2340121269226074
1,1695,2.3742175102233887
1,1696,2.077392578125
1,1697,2.0574169158935547
1,1698,2.2869458198547363
1,1699,2.029317855834961
1,1700,1.99759840965271
1,1701,2.212491273880005
1,1702,2.4280824661254883
1,1703,2.209130048751831
1,1704,2.114758014678955
1,1705,2.368696451187134
1,1706,2.4515748023986816
1,1707,2.1214029788970947
1,1708,2.268733024597168
1,1709,2.227346658706665
1,1710,2.251901626586914
1,1711,2.1301207542419434
1,1712,2.40998911857605
1,1713,2.363020896911621
1,1714,2.1659679412841797
1,1715,2.286846160888672
1,1716,2.0984933376312256
1,1717,2.1168015003204346
1,1718,2.542289972305298
1,1719,2.041090250015259
1,1720,2.1606311798095703
1,1721,2.2936348915100098
1,1722,2.445990562438965
1,1723,2.407402992248535
1,1724,2.2474172115325928
1,1725,2.1236538887023926
1,1726,2.2967443466186523
1,1727,2.210933208465576
1,1728,2.3529891967773438
1,1729,2.2909090518951416
1,1730,2.2040562629699707
1,1731,2.188488006591797
1,1732,2.1958391666412354
1,1733,2.182765245437622
1,1734,2.4663851261138916
1,1735,2.284095287322998
1,1736,2.2295830249786377
1,1737,2.360239028930664
1,1738,2.0760979652404785
1,1739,2.425511121749878
1,1740,2.487738609313965
1,1741,2.1980128288269043
1,1742,2.3029890060424805
1,1743,2.392381191253662
1,1744,2.1419711112976074
1,1745,2.2127792835235596
1,1746,2.221769332885742
1,1747,2.130784273147583
1,1748,2.2392654418945312
1,1749,2.314530372619629
1,1750,2.1200990676879883
1,1751,2.438089609146118
1,1752,2.2419135570526123
1,1753,2.3044145107269287
1,1754,2.1749043464660645
1,1755,2.394641876220703
1,1756,2.2757859230041504
1,1757,2.211967945098877
1,1758,2.1554160118103027
1,1759,2.3837547302246094
1,1760,2.2730050086975098
1,1761,2.1763951778411865
1,1762,1.984586238861084
1,1763,2.153548002243042
1,1764,2.286250352859497
1,1765,2.1391799449920654
1,1766,2.3981881141662598
1,1767,2.2988715171813965
1,1768,2.2039384841918945
1,1769,2.3886237144470215
1,1770,2.2737114429473877
1,1771,2.2484617233276367
1,1772,2.0642313957214355
1,1773,2.3681416511535645
1,1774,2.5782930850982666
1,1775,2.3939051628112793
1,1776,2.3141708374023438
1,1777,2.2486684322357178
1,1778,2.190270185470581
1,1779,2.3657076358795166
1,1780,2.341142177581787
1,1781,2.33713960647583
1,1782,2.3607616424560547
1,1783,2.204977512359619
1,1784,2.3832736015319824
1,1785,2.244405746459961
1,1786,2.099513530731201
1,1787,2.036430597305298
1,1788,2.317218065261841
1,1789,2.211562156677246
1,1790,2.123196840286255
1,1791,2.232654571533203
1,1792,2.229391574859619
1,1793,2.5100908279418945
1,1794,2.62139630317688
1,1795,2.179130792617798
1,1796,2.532712936401367
1,1797,2.301332473754883
1,1798,1.972436785697937
1,1799,2.1047701835632324
1,1800,2.05588960647583
1,1801,2.1280405521392822
1,1802,2.245384931564331
1,1803,2.416971445083618
1,1804,2.3217761516571045
1,1805,2.0379936695098877
1,1806,2.4503023624420166
1,1807,2.0868306159973145
1,1808,2.1497280597686768
1,1809,2.349886894226074
1,1810,2.086765766143799
1,1811,2.1401779651641846
1,1812,2.0364742279052734
1,1813,2.053197145462036
1,1814,2.1953563690185547
1,1815,2.2372024059295654
1,1816,2.1281070709228516
1,1817,2.27082896232605
1,1818,2.0810389518737793
1,1819,1.918106198310852
1,1820,2.4175167083740234
1,1821,2.227322816848755
1,1822,2.444502115249634
1,1823,1.9245132207870483
1,1824,2.1016974449157715
1,1825,2.2003285884857178
1,1826,2.141341209411621
1,1827,2.0999879837036133
1,1828,2.1756033897399902
1,1829,2.127880573272705
1,1830,2.270378589630127
1,1831,2.235548734664917
1,1832,2.2378640174865723
1,1833,2.1174347400665283
1,1834,2.355875015258789
1,1835,2.1192169189453125
1,1836,2.328509569168091
1,1837,2.162254571914673
1,1838,2.134550094604492
1,1839,2.219228982925415
1,1840,2.37080717086792
1,1841,2.121145725250244
1,1842,2.1230897903442383
1,1843,2.0256245136260986
1,1844,2.0877768993377686
1,1845,2.1880178451538086
1,1846,2.2187998294830322
1,1847,2.011934757232666
1,1848,2.247647762298584
1,1849,2.265693426132202
1,1850,2.1767003536224365
1,1851,2.007375478744507
1,1852,2.116940498352051
1,1853,2.3372881412506104
1,1854,2.140211343765259
1,1855,2.157618522644043
1,1856,2.198359727859497
1,1857,2.520216464996338
1,1858,2.272005558013916
1,1859,2.1135756969451904
1,1860,2.178689479827881
1,1861,2.1792550086975098
1,1862,2.0937764644622803
1,1863,2.2210819721221924
1,1864,1.9594486951828003
1,1865,2.221411943435669
1,1866,1.9267253875732422
1,1867,2.0824201107025146
1,1868,2.2441484928131104
1,1869,2.387047052383423
1,1870,2.361323833465576
1,1871,2.1179237365722656
1,1872,2.060490608215332
1,1873,2.2265923023223877
1,1874,2.2206881046295166
1,1875,2.141192674636841
1,1876,2.1209263801574707
1,1877,2.084157943725586
1,1878,2.3612589836120605
1,1879,2.1391897201538086
1,1880,2.2376246452331543
1,1881,2.2396926879882812
1,1882,2.198232650756836
1,1883,2.2467234134674072
1,1884,2.3847365379333496
1,1885,2.146420478820801
1,1886,2.2767012119293213
1,1887,2.0856616497039795
1,1888,2.1019489765167236
1,1889,1.9168206453323364
1,1890,2.2416250705718994
1,1891,2.439908027648926
1,1892,2.0007741451263428
1,1893,2.2704412937164307
1,1894,2.0021800994873047
1,1895,2.247636556625366
1,1896,2.3370754718780518
1,1897,2.2958006858825684
1,1898,1.9554117918014526
1,1899,2.1818387508392334
1,1900,2.4200758934020996
1,1901,2.0147790908813477
1,1902,2.3855550289154053
1,1903,2.153762102127075
1,1904,2.16324782371521
1,1905,2.166551113128662
1,1906,2.0733847618103027
1,1907,2.3232572078704834
1,1908,2.1675057411193848
1,1909,2.2913246154785156
1,1910,2.1733107566833496
1,1911,2.2622859477996826
1,1912,2.1088058948516846
1,1913,2.2681663036346436
1,1914,2.1490490436553955
1,1915,2.1913254261016846
1,1916,2.0966625213623047
1,1917,2.086712598800659
1,1918,2.22989559173584
1,1919,2.1707403659820557
1,1920,2.27298641204834
1,1921,2.236464500427246
1,1922,2.0791332721710205
1,1923,2.518000364303589
1,1924,2.20194673538208
1,1925,2.185861587524414
1,1926,2.1846230030059814
1,1927,2.269465208053589
1,1928,2.3090527057647705
1,1929,1.9742358922958374
1,1930,2.1815249919891357
1,1931,2.0294878482818604
1,1932,2.100550651550293
1,1933,2.1944613456726074
1,1934,2.238557815551758
1,1935,1.9842736721038818
1,1936,2.014845132827759
1,1937,2.2757511138916016
1,1938,2.257333755493164
1,1939,2.1741199493408203
1,1940,2.080850124359131
1,1941,2.3585970401763916
1,1942,2.1365878582000732
1,1943,2.115544319152832
1,1944,2.1577250957489014
1,1945,2.3424575328826904
1,1946,2.1533310413360596
1,1947,1.9521619081497192
1,1948,2.0257980823516846
1,1949,2.2952678203582764
1,1950,2.3247575759887695
1,1951,2.2483036518096924
1,1952,2.395742654800415
1,1953,2.0071561336517334
1,1954,2.047663927078247
1,1955,1.8922652006149292
1,1956,2.018672227859497
1,1957,2.1911654472351074
1,1958,2.215130567550659
1,1959,2.062863826751709
1,1960,2.1418373584747314
1,1961,2.010462522506714
1,1962,2.0599043369293213
1,1963,1.8976341485977173
1,1964,2.1548027992248535
1,1965,1.8660485744476318
1,1966,2.263563871383667
1,1967,2.0538434982299805
1,1968,2.339825391769409
1,1969,2.228126287460327
1,1970,2.3502488136291504
1,1971,1.9627799987792969
1,1972,2.0474936962127686
1,1973,2.1581451892852783
1,1974,2.1704273223876953
1,1975,2.0044054985046387
1,1976,2.1692779064178467
1,1977,2.125047445297241
1,1978,1.9089875221252441
1,1979,2.040825843811035
1,1980,2.2990829944610596
1,1981,1.9565379619598389
1,1982,2.17734956741333
1,1983,2.081282377243042
1,1984,2.0183162689208984
1,1985,2.166146993637085
1,1986,2.198770046234131
2,1,2.1617014408111572
2,2,2.056767702102661
2,3,2.1556646823883057
2,4,2.0453007221221924
2,5,1.9989207983016968
2,6,2.059293270111084
2,7,2.05554461479187
2,8,1.9521535634994507
2,9,2.1510207653045654
2,10,2.1067209243774414
2,11,2.028733015060425
2,12,2.093524694442749
2,13,2.1277735233306885
2,14,2.1472156047821045
2,15,1.980147361755371
2,16,1.9588003158569336
2,17,2.214747905731201
2,18,2.133524179458618
2,19,2.2783572673797607
2,20,2.108046770095825
2,21,2.0427913665771484
2,22,2.2895095348358154
2,23,1.9704291820526123
2,24,2.1187331676483154
2,25,2.3384757041931152
2,26,2.0220303535461426
2,27,2.047330379486084
2,28,2.1278598308563232
2,29,2.165389060974121
2,30,2.3644192218780518
2,31,1.938618779182434
2,32,2.0912387371063232
2,33,1.9393419027328491
2,34,2.2813496589660645
2,35,2.032896041870117
2,36,2.3563129901885986
2,37,1.9984514713287354
2,38,2.1756997108459473
2,39,2.0783512592315674
2,40,2.032914400100708
2,41,2.162860631942749
2,42,2.0279431343078613
2,43,2.0867397785186768
2,44,2.083906888961792
2,45,2.0314455032348633
2,46,2.0076961517333984
2,47,1.9791250228881836
2,48,2.2326433658599854
2,49,2.017859697341919
2,50,1.9718425273895264
2,51,1.9504437446594238
2,52,2.0498733520507812
2,53,1.9600163698196411
2,54,2.0817291736602783
2,55,2.1474828720092773
2,56,2.124312162399292
2,57,2.123983860015869
2,58,2.065307140350342
2,59,2.070686101913452
2,60,2.060243844985962
2,61,2.1953163146972656
2,62,1.896776556968689
2,63,2.0006165504455566
2,64,1.982458472251892
2,65,1.9853330850601196
2,66,2.0432796478271484
2,67,2.051586151123047
2,68,2.16083025932312
2,69,2.055983781814575
2,70,1.9573516845703125
2,71,2.0758919715881348
2,72,2.1149861812591553
2,73,1.9887651205062866
2,74,2.103813886642456
2,75,2.0163116455078125
2,76,2.0096747875213623
2,77,2.0898702144622803
2,78,2.042631149291992
2,79,2.1359055042266846
2,80,1.921025037765503
2,81,2.0634336471557617
2,82,1.980470895767212
2,83,1.9532980918884277
2,84,2.194974899291992
2,85,2.0311479568481445
2,86,2.1860241889953613
2,87,1.9953590631484985
2,88,2.1443536281585693
2,89,2.1912457942962646
2,90,2.1726253032684326
2,91,2.075366258621216
2,92,1.8459415435791016
2,93,2.1690845489501953
2,94,1.935972809791565
2,95,1.9323207139968872
2,96,2.183885097503662
2,97,2.016940116882324
2,98,2.105431318283081
2,99,1.868683099746704
2,100,2.1230790615081787
2,101,1.9695281982421875
2,102,2.0746572017669678
2,103,2.2056944370269775
2,104,2.2686593532562256
2,105,2.0151865482330322
2,106,2.07877254486084
2,107,1.8392689228057861
2,108,2.1638472080230713
2,109,2.2599966526031494
2,110,2.3710341453552246
2,111,1.9761630296707153
2,112,2.0180912017822266
2,113,2.344715118408203
2,114,2.1214842796325684
2,115,1.941418170928955
2,116,2.1184864044189453
2,117,1.8625435829162598
2,118,2.1925230026245117
2,119,2.077402114868164
2,120,1.8794925212860107
2,121,2.1628544330596924
2,122,1.9555549621582031
2,123,1.9672596454620361
2,124,1.8146079778671265
2,125,1.9327328205108643
2,126,2.0642800331115723
2,127,2.0231165885925293
2,128,1.8326549530029297
2,129,2.1149744987487793
2,130,1.9753750562667847
2,131,2.1112842559814453
2,132,2.0569794178009033
2,133,2.016782760620117
2,134,1.9394311904907227
2,135,1.9528467655181885
2,136,2.2358577251434326
2,137,2.0221364498138428
2,138,2.066739559173584
2,139,1.8787856101989746
2,140,1.9919836521148682
2,141,2.1359105110168457
2,142,2.199781894683838
2,143,1.9299191236495972
2,144,2.3480064868927
2,145,2.0921878814697266
2,146,2.1915156841278076
2,147,1.8678876161575317
2,148,1.9601304531097412
2,149,2.1183576583862305
2,150,2.017498016357422
2,151,1.833740472793579
2,152,1.8863303661346436
2,153,1.9030869007110596
2,154,1.877227544784546
2,155,1.948364496231079
2,156,1.9088563919067383
2,157,2.027851104736328
2,158,1.8291497230529785
2,159,1.9192204475402832
2,160,1.828399896621704
2,161,2.169053792953491
2,162,2.1737029552459717
2,163,2.05885910987854
2,164,2.1120240688323975
2,165,2.0306456089019775
2,166,1.8474105596542358
2,167,1.9560577869415283
2,168,2.0257766246795654
2,169,2.1054463386535645
2,170,1.9962815046310425
2,171,2.1629035472869873
2,172,1.8869284391403198
2,173,1.9212303161621094
2,174,2.118684768676758
2,175,1.9676179885864258
2,176,2.2184031009674072
2,177,2.216973066329956
2,178,1.9979848861694336
2,179,2.045034885406494
2,180,1.947937250137329
2,181,2.0230956077575684
2,182,1.8909556865692139
2,183,2.0305707454681396
2,184,2.235583543777466
2,185,1.9836492538452148
2,186,2.2629683017730713
2,187,1.971436619758606
2,188,1.9917213916778564
2,189,1.9561443328857422
2,190,2.10272479057312
2,191,2.0581939220428467
2,192,1.988420844078064
2,193,2.1600260734558105
2,194,1.8359181880950928
2,195,2.0269358158111572
2,196,2.288973331451416
2,197,1.8046048879623413
2,198,2.0385634899139404
2,199,2.0501205921173096
2,200,1.9842398166656494
2,201,2.238633871078491
2,202,1.8716431856155396
2,203,2.0496487617492676
2,204,2.1202502250671387
2,205,1.9601155519485474
2,206,2.0892648696899414
2,207,2.0942611694335938
2,208,2.001969575881958
2,209,1.893520474433899
2,210,2.075558662414551
2,211,1.9717711210250854
2,212,2.207691192626953
2,213,2.067488193511963
2,214,2.048917770385742
2,215,2.175696611404419
2,216,1.8277260065078735
2,217,2.1401638984680176
2,218,1.9205007553100586
2,219,1.8417837619781494
2,220,2.195645570755005
2,221,2.124113082885742
2,222,1.8893240690231323
2,223,1.9971308708190918
2,224,1.9092257022857666
2,225,1.7980629205703735
2,226,1.865657925605774
2,227,1.9613035917282104
2,228,1.9821343421936035
2,229,1.9280025959014893
2,230,2.034306526184082
2,231,1.9804704189300537
2,232,2.0728578567504883
2,233,1.760698676109314
2,234,2.02327299118042
2,235,1.746530532836914
2,236,1.988535761833191
2,237,1.9080349206924438
2,238,2.18477463722229
2,239,2.114267349243164
2,240,2.18742036819458
2,241,2.0723471641540527
2,242,1.7774367332458496
2,243,1.8305727243423462
2,244,2.0075623989105225
2,245,2.088759422302246
2,246,2.073122262954712
2,247,1.9845792055130005
2,248,1.9094557762145996
2,249,1.9436439275741577
2,250,2.1355910301208496
2,251,1.8931496143341064
2,252,2.2039871215820312
2,253,1.9801524877548218
2,254,1.9225378036499023
2,255,1.9644718170166016
2,256,2.062700033187866
2,257,1.9309808015823364
2,258,1.988641381263733
2,259,1.9609544277191162
2,260,1.987350344657898
2,261,1.9368486404418945
2,262,2.0393381118774414
2,263,2.1826331615448
2,264,1.9032950401306152
2,265,2.008168935775757
2,266,1.9296354055404663
2,267,1.7982711791992188
2,268,1.8560776710510254
2,269,2.1257336139678955
2,270,1.9865784645080566
2,271,2.0059814453125
2,272,1.968709945678711
2,273,2.128023624420166
2,274,1.9990735054016113
2,275,1.9721808433532715
2,276,1.8974390029907227
2,277,1.9626388549804688
2,278,2.0795094966888428
2,279,1.8265860080718994
2,280,1.9431400299072266
2,281,2.0549070835113525
2,282,2.0807549953460693
2,283,2.065248966217041
2,284,2.0732581615448
2,285,2.0333304405212402
2,286,1.8851828575134277
2,287,2.0830132961273193
2,288,1.9273566007614136
2,289,1.874732255935669
2,290,1.9823793172836304
2,291,1.8955488204956055
2,292,1.8534132242202759
2,293,1.956568717956543
2,294,2.000063896179199
2,295,2.1191890239715576
2,296,1.876277208328247
2,297,2.0436432361602783
2,298,1.8835265636444092
2,299,1.970171570777893
2,300,1.883083462715149
2,301,2.013547897338867
2,302,1.9199113845825195
2,303,1.9794750213623047
2,304,1.7519093751907349
2,305,2.2348732948303223
2,306,2.018357992172241
2,307,2.0770349502563477
2,308,1.8323224782943726
2,309,1.8071235418319702
2,310,2.0326344966888428
2,311,2.05318021774292
2,312,1.8208682537078857
2,313,2.154341697692871
2,314,2.0393238067626953
2,315,1.8156590461730957
2,316,2.310908794403076
2,317,2.309396982192993
2,318,1.9866830110549927
2,319,1.9684154987335205
2,320,1.987512469291687
2,321,1.6696786880493164
2,322,1.840118646621704
2,323,1.9692943096160889
2,324,1.8318747282028198
2,325,1.9727637767791748
2,326,1.8848345279693604
2,327,1.9157015085220337
2,328,1.6263245344161987
2,329,2.09305739402771
2,330,1.9645600318908691
2,331,2.068711280822754
2,332,2.0882089138031006
2,333,1.9411689043045044
2,334,1.921320915222168
2,335,2.0046324729919434
2,336,1.9086339473724365
2,337,1.8843973875045776
2,338,1.9438977241516113
2,339,1.732663631439209
2,340,1.89048171043396
2,341,1.987104058265686
2,342,1.9336036443710327
2,343,1.8119453191757202
2,344,1.835249423980713
2,345,2.0980641841888428
2,346,1.938262939453125
2,347,1.9679404497146606
2,348,1.90020751953125
2,349,1.949475646018982
2,350,1.7431423664093018
2,351,2.0066065788269043
2,352,1.9125585556030273
2,353,2.0693819522857666
2,354,1.85453200340271
2,355,1.9733964204788208
2,356,1.892784595489502
2,357,1.9405759572982788
2,358,1.9759057760238647
2,359,1.8822046518325806
2,360,1.8063150644302368
2,361,2.0602946281433105
2,362,2.183778762817383
2,363,1.7718818187713623
2,364,2.022864818572998
2,365,2.0870487689971924
2,366,1.898772954940796
2,367,1.9089443683624268
2,368,1.9092689752578735
2,369,1.8437464237213135
2,370,1.9698516130447388
2,371,1.865869402885437
2,372,2.113276720046997
2,373,1.9584518671035767
2,374,2.0165328979492188
2,375,1.9774459600448608
2,376,1.9507131576538086
2,377,1.7755085229873657
2,378,2.1024932861328125
2,379,1.96394681930542
2,380,1.9040268659591675
2,381,1.9353687763214111
2,382,1.93976891040802
2,383,2.204962730407715
2,384,1.9389727115631104
2,385,1.8535703420639038
2,386,1.8489629030227661
2,387,1.9292261600494385
2,388,2.118788242340088
2,389,2.007546901702881
2,390,1.9472465515136719
2,391,1.9004757404327393
2,392,2.2793996334075928
2,393,1.857295274734497
2,394,1.9641609191894531
2,395,1.9790208339691162
2,396,1.91640305519104
2,397,1.9100512266159058
2,398,1.8574018478393555
2,399,1.7372422218322754
2,400,1.8736789226531982
2,401,1.799301266670227
2,402,1.9225966930389404
2,403,1.9382104873657227
2,404,1.7713539600372314
2,405,2.060689687728882
2,406,1.8871302604675293
2,407,1.8576419353485107
2,408,1.831372857093811
2,409,1.745468020439148
2,410,1.816199779510498
2,411,1.721701979637146
2,412,1.9943931102752686
2,413,1.900794506072998
2,414,1.904058575630188
2,415,2.0293467044830322
2,416,1.9942742586135864
2,417,1.9999617338180542
2,418,1.7864819765090942
2,419,1.8570830821990967
2,420,2.036632537841797
2,421,2.1238958835601807
2,422,2.0381762981414795
2,423,1.999525785446167
2,424,2.094571113586426
2,425,1.7475651502609253
2,426,1.9801355600357056
2,427,1.8803789615631104
2,428,1.9849371910095215
2,429,2.173079490661621
2,430,2.0144336223602295
2,431,1.8829045295715332
2,432,2.02048397064209
2,433,2.0822510719299316
2,434,1.8499482870101929
2,435,2.1586289405822754
2,436,1.9008580446243286
2,437,1.73115873336792
2,438,2.008903741836548
2,439,1.994767665863037
2,440,2.0924692153930664
2,441,1.9473649263381958
2,442,1.9016435146331787
2,443,2.0215322971343994
2,444,1.9730175733566284
2,445,1.87253999710083
2,446,1.7087184190750122
2,447,1.998643159866333
2,448,1.9682941436767578
2,449,1.8857512474060059
2,450,1.8129926919937134
2,451,1.8644800186157227
2,452,2.003673791885376
2,453,1.9337373971939087
2,454,1.7981566190719604
2,455,1.8557722568511963
2,456,2.106760263442993
2,457,1.9090075492858887
2,458,1.8828539848327637
2,459,1.8982453346252441
2,460,1.9384233951568604
2,461,1.938208818435669
2,462,1.975659728050232
2,463,1.8480888605117798
2,464,1.8431376218795776
2,465,1.6487417221069336
2,466,1.8487986326217651
2,467,1.840682864189148
2,468,1.8671921491622925
2,469,1.885555624961853
2,470,1.903847575187683
2,471,1.834442138671875
2,472,2.0443406105041504
2,473,1.812947392463684
2,474,2.0888514518737793
2,475,1.7338837385177612
2,476,1.8966529369354248
2,477,2.0503153800964355
2,478,1.9970207214355469
2,479,1.824079155921936
2,480,2.004483938217163
2,481,1.6698423624038696
2,482,2.0477399826049805
2,483,2.0120999813079834
2,484,1.9263489246368408
2,485,1.6315122842788696
2,486,1.7990473508834839
2,487,2.050316333770752
2,488,1.776951789855957
2,489,1.9310294389724731
2,490,1.947524905204773
2,491,1.9176254272460938
2,492,1.7599358558654785
2,493,1.8880213499069214
2,494,1.96433424949646
2,495,1.8740788698196411
2,496,1.989794373512268
2,497,1.8857388496398926
2,498,1.8035171031951904
2,499,1.777024507522583
2,500,1.7349618673324585
2,501,2.0293796062469482
2,502,1.9502836465835571
2,503,1.8533215522766113
2,504,1.9119796752929688
2,505,1.7004727125167847
2,506,1.676421880722046
2,507,1.7127032279968262
2,508,1.7533477544784546
2,509,1.8237580060958862
2,510,1.9735548496246338
2,511,1.9000531435012817
2,512,1.9322084188461304
2,513,1.9923834800720215
2,514,1.886191487312317
2,515,1.76894211769104
2,516,1.8010929822921753
2,517,1.827394723892212
2,518,2.0541820526123047
2,519,1.8841921091079712
2,520,1.7635900974273682
2,521,1.8360638618469238
2,522,1.8577667474746704
2,523,1.8805274963378906
2,524,1.8159607648849487
2,525,1.6830295324325562
2,526,1.8084299564361572
2,527,1.8729920387268066
2,528,1.8138562440872192
2,529,1.6253197193145752
2,530,1.7751861810684204
2,531,1.8374754190444946
2,532,2.1092581748962402
2,533,1.949552297592163
2,534,1.798822283744812
2,535,1.919622540473938
2,536,1.7796586751937866
2,537,1.9301131963729858
2,538,1.9094343185424805
2,539,1.7579288482666016
2,540,1.7917439937591553
2,541,1.9055641889572144
2,542,1.6808042526245117
2,543,1.8510489463806152
2,544,1.9078463315963745
2,545,1.9813355207443237
2,546,2.1766409873962402
2,547,1.9272812604904175
2,548,1.8792226314544678
2,549,1.677810549736023
2,550,1.772741675376892
2,551,1.9635158777236938
2,552,1.9731310606002808
2,553,1.7846465110778809
2,554,1.6201189756393433
2,555,1.770263910293579
2,556,1.923462152481079
2,557,1.859643578529358
2,558,2.095902919769287
2,559,1.75569748878479
2,560,1.8687939643859863
2,561,1.8502527475357056
2,562,1.7878178358078003
2,563,1.7827852964401245
2,564,1.8034151792526245
2,565,1.6395676136016846
2,566,1.8844857215881348
2,567,1.8464455604553223
2,568,2.0264217853546143
2,569,1.7641940116882324
2,570,2.010776996612549
2,571,1.8834069967269897
2,572,1.690108299255371
2,573,1.6457751989364624
2,574,2.054107189178467
2,575,1.8806962966918945
2,576,1.8700093030929565
2,577,1.9250075817108154
2,578,1.9052788019180298
2,579,1.7720601558685303
2,580,1.9623762369155884
2,581,1.7580267190933228
2,582,1.8427598476409912
2,583,1.7758591175079346
2,584,1.7854337692260742
2,585,1.796831488609314
2,586,1.7588412761688232
2,587,1.786856770515442
2,588,1.6759167909622192
2,589,1.986152172088623
2,590,1.948908805847168
2,591,1.9731639623641968
2,592,1.899946928024292
2,593,1.9189260005950928
2,594,1.8202229738235474
2,595,1.915544867515564
2,596,1.7057162523269653
2,597,2.0990772247314453
2,598,1.789568305015564
2,599,1.8004250526428223
2,600,2.017880439758301
2,601,1.895023226737976
2,602,1.7608058452606201
2,603,1.8006118535995483
2,604,1.7127512693405151
2,605,1.6935831308364868
2,606,2.065582036972046
2,607,1.757673740386963
2,608,1.8386459350585938
2,609,1.935369610786438
2,610,1.863550066947937
2,611,1.6529145240783691
2,612,1.717875361442566
2,613,1.8933435678482056
2,614,1.8230807781219482
2,615,1.7229877710342407
2,616,1.9026318788528442
2,617,2.0131587982177734
2,618,1.9735133647918701
2,619,1.9069424867630005
2,620,1.7397266626358032
2,621,2.079334020614624
2,622,1.7591218948364258
2,623,1.8108303546905518
2,624,1.7608352899551392
2,625,1.9398531913757324
2,626,1.9568403959274292
2,627,2.017293691635132
2,628,1.794177532196045
2,629,1.8455569744110107
2,630,1.8269155025482178
2,631,1.8416415452957153
2,632,1.8626209497451782
2,633,1.7800034284591675
2,634,1.8660043478012085
2,635,1.9959006309509277
2,636,1.839684009552002
2,637,1.8900697231292725
2,638,1.9567726850509644
2,639,1.7206776142120361
2,640,1.7772730588912964
2,641,1.8312946557998657
2,642,1.929638147354126
2,643,1.804206371307373
2,644,1.9565885066986084
2,645,1.7938878536224365
2,646,1.6805610656738281
2,647,1.9530367851257324
2,648,1.9567112922668457
2,649,1.8138830661773682
2,650,1.535744309425354
2,651,1.830985426902771
2,652,2.0263423919677734
2,653,1.848184585571289
2,654,1.7820125818252563
2,655,1.7371715307235718
2,656,1.712693452835083
2,657,1.5595297813415527
2,658,1.9074034690856934
2,659,1.67131507396698
2,660,2.075199604034424
2,661,1.9867737293243408
2,662,1.6977101564407349
2,663,1.7746312618255615
2,664,1.6932626962661743
2,665,1.716628074645996
2,666,1.773538589477539
2,667,1.7388033866882324
2,668,1.8174681663513184
2,669,1.8377788066864014
2,670,1.9224107265472412
2,671,1.732311487197876
2,672,1.731099247932434
2,673,1.885350227355957
2,674,1.575905442237854
2,675,1.754857063293457
2,676,1.7006289958953857
2,677,2.0044586658477783
2,678,1.929413914680481
2,679,1.796961784362793
2,680,2.068357229232788
2,681,1.790151596069336
2,682,1.7596999406814575
2,683,1.6848959922790527
2,684,1.7316555976867676
2,685,1.8945978879928589
2,686,1.7137445211410522
2,687,1.9905894994735718
2,688,1.8160845041275024
2,689,1.5687648057937622
2,690,1.7359840869903564
2,691,1.9883778095245361
2,692,1.7799153327941895
2,693,1.9298100471496582
2,694,1.7711349725723267
2,695,1.9880305528640747
2,696,1.852838158607483
2,697,1.9824227094650269
2,698,1.8523155450820923
2,699,1.7502888441085815
2,700,1.7610628604888916
2,701,1.7872315645217896
2,702,1.6157816648483276
2,703,1.7864166498184204
2,704,1.846498727798462
2,705,1.8945143222808838
2,706,1.894647479057312
2,707,1.8404247760772705
2,708,1.9066269397735596
2,709,1.9357378482818604
2,710,1.7590504884719849
2,711,1.7284376621246338
2,712,1.8804028034210205
2,713,1.826801061630249
2,714,1.7961236238479614
2,715,1.849269986152649
2,716,1.8896875381469727
2,717,1.7826906442642212
2,718,1.8304345607757568
2,719,1.9200878143310547
2,720,1.7291014194488525
2,721,1.855409026145935
2,722,1.8271043300628662
2,723,1.9391798973083496
2,724,1.7908868789672852
2,725,1.7394214868545532
2,726,1.8904097080230713
2,727,1.7137733697891235
2,728,1.7355185747146606
2,729,1.7375819683074951
2,730,1.9284576177597046
2,731,1.714781403541565
2,732,1.521782636642456
2,733,1.7394481897354126
2,734,1.6163771152496338
2,735,1.7417643070220947
2,736,1.867297887802124
2,737,1.8532819747924805
2,738,1.7094612121582031
2,739,2.000173807144165
2,740,1.9028269052505493
2,741,1.6812615394592285
2,742,1.949991226196289
2,743,1.9698436260223389
2,744,1.8901478052139282
2,745,1.5788390636444092
2,746,1.863492488861084
2,747,1.8657256364822388
2,748,1.8893858194351196
2,749,1.7323087453842163
2,750,1.6230202913284302
2,751,1.770442008972168
2,752,1.8453103303909302
2,753,1.8052407503128052
2,754,1.6210662126541138
2,755,1.9384496212005615
2,756,1.8873003721237183
2,757,1.7906094789505005
2,758,1.573195219039917
2,759,1.7706838846206665
2,760,1.753440260887146
2,761,1.801538109779358
2,762,1.8799856901168823
2,763,1.8568260669708252
2,764,1.805457592010498
2,765,1.852185606956482
2,766,1.6912187337875366
2,767,1.7263588905334473
2,768,1.568419337272644
2,769,2.227379322052002
2,770,1.7466814517974854
2,771,1.7413630485534668
2,772,2.147352457046509
2,773,1.7575229406356812
2,774,1.8602486848831177
2,775,1.7140612602233887
2,776,1.9686105251312256
2,777,1.7659236192703247
2,778,1.6300371885299683
2,779,1.7315839529037476
2,780,1.810958743095398
2,781,1.8089979887008667
2,782,1.968334674835205
2,783,1.7617559432983398
2,784,1.7390116453170776
2,785,1.9093506336212158
2,786,1.7985001802444458
2,787,2.0098557472229004
2,788,1.8796489238739014
2,789,1.9065415859222412
2,790,1.7080484628677368
2,791,1.8003621101379395
2,792,1.7502080202102661
2,793,1.835203766822815
2,794,1.7099337577819824
2,795,1.7136554718017578
2,796,1.9368896484375
2,797,1.6796555519104004
2,798,1.710985779762268
2,799,1.7617119550704956
2,800,1.7866814136505127
2,801,1.636451244354248
2,802,1.8266555070877075
2,803,1.8223292827606201
2,804,1.8697882890701294
2,805,2.125908851623535
2,806,1.7608602046966553
2,807,1.800831913948059
2,808,1.720200777053833
2,809,1.914833664894104
2,810,1.7169575691223145
2,811,1.7993288040161133
2,812,1.9309509992599487
2,813,1.6954514980316162
2,814,1.7214049100875854
2,815,1.7515593767166138
2,816,1.6248698234558105
2,817,1.5629009008407593
2,818,1.9507910013198853
2,819,1.7762402296066284
2,820,1.863862156867981
2,821,1.7239218950271606
2,822,1.813173532485962
2,823,1.7049225568771362
2,824,1.6833689212799072
2,825,1.6493080854415894
2,826,1.845673680305481
2,827,1.6930915117263794
2,828,1.6873339414596558
2,829,1.8035907745361328
2,830,1.7937548160552979
2,831,2.0360584259033203
2,832,1.8817799091339111
2,833,1.8732064962387085
2,834,1.7866830825805664
2,835,1.6508220434188843
2,836,1.6070548295974731
2,837,1.7758437395095825
2,838,1.7661290168762207
2,839,1.6478455066680908
2,840,1.7099202871322632
2,841,1.6941375732421875
2,842,1.7716424465179443
2,843,1.7754384279251099
2,844,1.7977244853973389
2,845,1.72695791721344
2,846,1.7018941640853882
2,847,1.7961548566818237
2,848,1.820180058479309
2,849,1.821241021156311
2,850,2.0293843746185303
2,851,1.9473989009857178
2,852,1.7396963834762573
2,853,1.5864942073822021
2,854,1.7716423273086548
2,855,1.7503999471664429
2,856,1.848012089729309
2,857,2.1677703857421875
2,858,1.8791323900222778
2,859,1.7830909490585327
2,860,1.8565537929534912
2,861,1.6717205047607422
2,862,1.8207647800445557
2,863,1.6807360649108887
2,864,1.554916262626648
2,865,1.8563640117645264
2,866,1.7088162899017334
2,867,1.8498939275741577
2,868,1.766517162322998
2,869,1.6082677841186523
2,870,1.6321511268615723
2,871,1.9285826683044434
2,872,1.843201994895935
2,873,1.8506710529327393
2,874,1.856449007987976
2,875,1.8669320344924927
2,876,1.8780156373977661
2,877,1.8223636150360107
2,878,1.8160600662231445
2,879,1.742398977279663
2,880,1.6950205564498901
2,881,1.7791153192520142
2,882,1.7737696170806885
2,883,1.61699640750885
2,884,1.7516642808914185
2,885,1.767470359802246
2,886,1.7024977207183838
2,887,1.6707713603973389
2,888,1.75481379032135
2,889,1.6604045629501343
2,890,1.7513208389282227
2,891,1.7701472043991089
2,892,1.6875239610671997
2,893,1.795837640762329
2,894,1.5954625606536865
2,895,1.780387282371521
2,896,1.678422212600708
2,897,1.691638469696045
2,898,1.6970512866973877
2,899,1.6456725597381592
2,900,1.7238949537277222
2,901,1.750541090965271
2,902,1.7290904521942139
2,903,1.8106622695922852
2,904,1.8977415561676025
2,905,1.758716344833374
2,906,1.870711088180542
2,907,1.9852869510650635
2,908,1.9370872974395752
2,909,1.961983323097229
2,910,1.8089083433151245
2,911,1.7243115901947021
2,912,1.860174536705017
2,913,1.6028004884719849
2,914,1.5958462953567505
2,915,1.742822527885437
2,916,1.9780900478363037
2,917,1.7814055681228638
2,918,1.802506685256958
2,919,1.8520755767822266
2,920,1.8392446041107178
2,921,2.0267789363861084
2,922,1.7943832874298096
2,923,1.855056643486023
2,924,1.6114258766174316
2,925,1.7344870567321777
2,926,1.8464404344558716
2,927,1.775241732597351
2,928,1.8829528093338013
2,929,1.7504810094833374
2,930,1.7313661575317383
2,931,1.800435185432434
2,932,1.6927849054336548
2,933,2.004734754562378
2,934,1.7357066869735718
2,935,1.9502454996109009
2,936,1.761193871498108
2,937,1.6991480588912964
2,938,1.6421955823898315
2,939,1.7259089946746826
2,940,1.6987676620483398
2,941,1.7642375230789185
2,942,1.7535756826400757
2,943,1.882806658744812
2,944,1.6613199710845947
2,945,1.8363876342773438
2,946,1.7730090618133545
2,947,1.6887212991714478
2,948,1.759265422821045
2,949,1.615207552909851
2,950,1.7207328081130981
2,951,1.5981115102767944
2,952,1.6701973676681519
2,953,1.6431033611297607
2,954,1.888270378112793
2,955,1.7406102418899536
2,956,1.8193496465682983
2,957,1.7398368120193481
2,958,1.7365491390228271
2,959,1.8338853120803833
2,960,1.7646217346191406
2,961,1.841782808303833
2,962,1.8287644386291504
2,963,1.726213812828064
2,964,1.6566566228866577
2,965,1.65473210811615
2,966,1.7228055000305176
2,967,1.6433650255203247
2,968,1.7904337644577026
2,969,1.7192256450653076
2,970,1.6648670434951782
2,971,1.8016999959945679
2,972,1.6740410327911377
2,973,1.7278871536254883
2,974,1.691617727279663
2,975,1.851511001586914
2,976,1.8009686470031738
2,977,1.8378983736038208
2,978,1.607712984085083
2,979,1.600030779838562
2,980,1.7918559312820435
2,981,1.6554316282272339
2,982,1.8578588962554932
2,983,1.6532539129257202
2,984,1.7446303367614746
2,985,1.641874074935913
2,986,1.8719265460968018
2,987,1.7816606760025024
2,988,1.8299273252487183
2,989,1.672037124633789
2,990,1.7894669771194458
2,991,1.8364683389663696
2,992,1.819865107536316
2,993,1.7923595905303955
2,994,1.7654051780700684
2,995,1.745432734489441
2,996,1.7625826597213745
2,997,1.7512273788452148
2,998,1.8423666954040527
2,999,1.7707029581069946
2,1000,1.6424235105514526
2,1001,1.8598499298095703
2,1002,1.7678734064102173
2,1003,1.7427752017974854
2,1004,1.6008186340332031
2,1005,1.6240663528442383
2,1006,1.85150146484375
2,1007,1.6323825120925903
2,1008,1.6397150754928589
2,1009,1.647992730140686
2,1010,1.8248341083526611
2,1011,1.7093565464019775
2,1012,1.6362372636795044
2,1013,1.6675575971603394
2,1014,1.7195948362350464
2,1015,1.9009613990783691
2,1016,1.8565438985824585
2,1017,1.8325482606887817
2,1018,1.680513858795166
2,1019,1.5949960947036743
2,1020,1.5734254121780396
2,1021,1.6032648086547852
2,1022,1.7395738363265991
2,1023,1.8296781778335571
2,1024,1.6922450065612793
2,1025,1.809241771697998
2,1026,1.6503909826278687
2,1027,1.6153559684753418
2,1028,1.934041142463684
2,1029,1.5962841510772705
2,1030,1.7600724697113037
2,1031,1.8696763515472412
2,1032,1.582192301750183
2,1033,1.657185673713684
2,1034,1.6374115943908691
2,1035,1.6927931308746338
2,1036,1.7407127618789673
2,1037,2.05910325050354
2,1038,1.6515274047851562
2,1039,1.6666178703308105
2,1040,1.72452974319458
2,1041,1.7358304262161255
2,1042,1.5241841077804565
2,1043,1.538959264755249
2,1044,1.8415604829788208
2,1045,2.030830144882202
2,1046,1.5894089937210083
2,1047,1.7645748853683472
2,1048,1.6398299932479858
2,1049,1.869000792503357
2,1050,1.8124134540557861
2,1051,1.6664849519729614
2,1052,1.7148550748825073
2,1053,1.5942354202270508
2,1054,1.6422656774520874
2,1055,1.5501130819320679
2,1056,1.63828444480896
2,1057,1.8101736307144165
2,1058,1.726753830909729
2,1059,1.6537106037139893
2,1060,1.6583325862884521
2,1061,1.6074086427688599
2,1062,1.799074411392212
2,1063,1.7508442401885986
2,1064,1.7403594255447388
2,1065,1.5050280094146729
2,1066,1.5759661197662354
2,1067,1.6479368209838867
2,1068,1.745582938194275
2,1069,1.6519790887832642
2,1070,1.9954205751419067
2,1071,1.7461154460906982
2,1072,1.7638627290725708
2,1073,1.8334721326828003
2,1074,1.917376160621643
2,1075,1.9788841009140015
2,1076,1.5801284313201904
2,1077,1.5966534614562988
2,1078,1.8570364713668823
2,1079,1.6324418783187866
2,1080,1.5216501951217651
2,1081,1.6590662002563477
2,1082,1.6356436014175415
2,1083,1.6342880725860596
2,1084,1.6829125881195068
2,1085,1.7100591659545898
2,1086,1.7466411590576172
2,1087,1.6807658672332764
2,1088,1.6452817916870117
2,1089,1.7746598720550537
2,1090,1.7591931819915771
2,1091,1.725276231765747
2,1092,1.69729483127594
2,1093,1.3948780298233032
2,1094,1.7067620754241943
2,1095,1.5156757831573486
2,1096,1.8830519914627075
2,1097,1.6727790832519531
2,1098,1.6663239002227783
2,1099,1.7930668592453003
2,1100,1.6704676151275635
2,1101,1.6815935373306274
2,1102,1.9099681377410889
2,1103,1.5983644723892212
2,1104,1.8207924365997314
2,1105,1.6444417238235474
2,1106,1.6887798309326172
2,1107,1.7721526622772217
2,1108,1.5643582344055176
2,1109,1.6738479137420654
2,1110,1.7619764804840088
2,1111,1.6695994138717651
2,1112,1.5951032638549805
2,1113,1.6214451789855957
2,1114,1.7591499090194702
2,1115,1.702643871307373
2,1116,1.8047685623168945
2,1117,1.6624301671981812
2,1118,1.4793583154678345
2,1119,1.7420120239257812
2,1120,1.7242400646209717
2,1121,1.8253142833709717
2,1122,1.5817183256149292
2,1123,1.5889222621917725
2,1124,1.62484610080719
2,1125,1.6282315254211426
2,1126,1.6026654243469238
2,1127,1.7879315614700317
2,1128,1.6400066614151
2,1129,1.7403475046157837
2,1130,1.8757394552230835
2,1131,1.5277267694473267
2,1132,1.5248193740844727
2,1133,1.508596420288086
2,1134,1.9058537483215332
2,1135,1.7883661985397339
2,1136,1.7322126626968384
2,1137,1.76910400390625
2,1138,1.9203224182128906
2,1139,1.8098148107528687
2,1140,1.6213295459747314
2,1141,1.7909058332443237
2,1142,1.8408031463623047
2,1143,1.7014703750610352
2,1144,1.585972785949707
2,1145,1.892804741859436
2,1146,1.888551115989685
2,1147,1.6334528923034668
2,1148,1.7829532623291016
2,1149,1.5007338523864746
2,1150,1.7002981901168823
2,1151,1.6430344581604004
1,1,10.532055854797363
